"","BarcodeSequence","LinkerPrimerSequence","Reverse_Primer","WellPosition","BarcodePlate","barcodenumb","origin","Dataset","Description","LibrarySize_roots","Index"
"R6T4r6Aroot","ACATCTAGCA","CTTGGTCATTTAGAGGAAGTAA","TCCTCCGCTTATTGATATGC","A11",2,"bc107","root","Fungi","R6",889,1
"R3T2r6Aroot","CTGCTTCTTA","CTTGGTCATTTAGAGGAAGTAA","TCCTCCGCTTATTGATATGC","E10",1,"bc58","root","Fungi","R3",9563,2
"V2T4r5Croot","ATGCTTGCTC","CTTGGTCATTTAGAGGAAGTAA","TCCTCCGCTTATTGATATGC","C9",1,"bc33","root","Fungi","V2",10184,3
"R3T2r6Croot","CACACTGAAG","CTTGGTCATTTAGAGGAAGTAA","TCCTCCGCTTATTGATATGC","E12",1,"bc60","root","Fungi","R3",11261,4
"R3T1r2Croot","ACGTCCACTG","CTTGGTCATTTAGAGGAAGTAA","TCCTCCGCTTATTGATATGC","D6",1,"bc42","root","Fungi","R3",11820,5
"V2T2r1Broot","AGTCGAACGA","CTTGGTCATTTAGAGGAAGTAA","TCCTCCGCTTATTGATATGC","B2",1,"bc14","root","Fungi","V2",14550,6
"V2T1r2Croot","AGCAAGGTCT","CTTGGTCATTTAGAGGAAGTAA","TCCTCCGCTTATTGATATGC","A6",1,"bc6","root","Fungi","V2",17317,7
"R6T1r1Croot","GTCTTCAGCA","CTTGGTCATTTAGAGGAAGTAA","TCCTCCGCTTATTGATATGC","G3",1,"bc75","root","Fungi","R6",17894,8
"R6T1r6Croot","GACTTGGTAA","CTTGGTCATTTAGAGGAAGTAA","TCCTCCGCTTATTGATATGC","G12",1,"bc84","root","Fungi","R6",18935,9
"V2T1r2Broot","ATCGTCCGCG","CTTGGTCATTTAGAGGAAGTAA","TCCTCCGCTTATTGATATGC","A5",1,"bc5","root","Fungi","V2",19785,10
"R6T2r2Broot","TGCAGATCCA","CTTGGTCATTTAGAGGAAGTAA","TCCTCCGCTTATTGATATGC","H5",1,"bc89","root","Fungi","R6",21043,11
"V2T1r1Aroot","TACGACTCTG","CTTGGTCATTTAGAGGAAGTAA","TCCTCCGCTTATTGATATGC","A1",1,"bc1","root","Fungi","V2",23482,12
"R3T2r5Aroot","AATTCCGAAC","CTTGGTCATTTAGAGGAAGTAA","TCCTCCGCTTATTGATATGC","E7",1,"bc55","root","Fungi","R3",23824,13
"R3T1r5Broot","CACATATTGG","CTTGGTCATTTAGAGGAAGTAA","TCCTCCGCTTATTGATATGC","D8",1,"bc44","root","Fungi","R3",24814,14
"V2T1r5Croot","TAGAGAATGC","CTTGGTCATTTAGAGGAAGTAA","TCCTCCGCTTATTGATATGC","A9",1,"bc9","root","Fungi","V2",24828,15
"R6T1r6Aroot","TGGGAATGTT","CTTGGTCATTTAGAGGAAGTAA","TCCTCCGCTTATTGATATGC","G10",1,"bc82","root","Fungi","R6",25127,16
"V2T2r1Aroot","GCCTCAGCAG","CTTGGTCATTTAGAGGAAGTAA","TCCTCCGCTTATTGATATGC","B1",1,"bc13","root","Fungi","V2",26172,17
"V2T2r5Broot","TCGAAGACGT","CTTGGTCATTTAGAGGAAGTAA","TCCTCCGCTTATTGATATGC","B8",1,"bc20","root","Fungi","V2",27103,18
"R3T2r1Broot","ACTCCGATAG","CTTGGTCATTTAGAGGAAGTAA","TCCTCCGCTTATTGATATGC","E2",1,"bc50","root","Fungi","R3",29441,19
"R3T2r5Croot","CTGGTTGGCA","CTTGGTCATTTAGAGGAAGTAA","TCCTCCGCTTATTGATATGC","E9",1,"bc57","root","Fungi","R3",30591,20
"V2T4r2Croot","AGCGGCCTAT","CTTGGTCATTTAGAGGAAGTAA","TCCTCCGCTTATTGATATGC","C6",1,"bc30","root","Fungi","V2",31542,21
"R6T2r2Croot","TCACTCTTGT","CTTGGTCATTTAGAGGAAGTAA","TCCTCCGCTTATTGATATGC","H6",1,"bc90","root","Fungi","R6",32879,22
"V2T1r1Croot","ACCCAGTATG","CTTGGTCATTTAGAGGAAGTAA","TCCTCCGCTTATTGATATGC","A3",1,"bc3","root","Fungi","V2",33106,23
"V2T2r6Aroot","CACTTCTTTG","CTTGGTCATTTAGAGGAAGTAA","TCCTCCGCTTATTGATATGC","B10",1,"bc22","root","Fungi","V2",35521,24
"V2T2r2Broot","CGAGCTGTTA","CTTGGTCATTTAGAGGAAGTAA","TCCTCCGCTTATTGATATGC","B5",1,"bc17","root","Fungi","V2",36183,25
"R6T2r6Broot","CTTAGAACGT","CTTGGTCATTTAGAGGAAGTAA","TCCTCCGCTTATTGATATGC","H11",1,"bc95","root","Fungi","R6",36502,26
"R6T1r1Aroot","GTGTTAGATG","CTTGGTCATTTAGAGGAAGTAA","TCCTCCGCTTATTGATATGC","G1",1,"bc73","root","Fungi","R6",36849,27
"R3T4r6Broot","GGTCACACAT","CTTGGTCATTTAGAGGAAGTAA","TCCTCCGCTTATTGATATGC","F11",1,"bc71","root","Fungi","R3",39375,28
"R3T2r1Aroot","GAGGGACGCA","CTTGGTCATTTAGAGGAAGTAA","TCCTCCGCTTATTGATATGC","E1",1,"bc49","root","Fungi","R3",42265,29
"V2T1r2Aroot","AACGGCTGGA","CTTGGTCATTTAGAGGAAGTAA","TCCTCCGCTTATTGATATGC","A4",1,"bc4","root","Fungi","V2",42304,30
"V2T2r6Broot","GGTAGTTCAT","CTTGGTCATTTAGAGGAAGTAA","TCCTCCGCTTATTGATATGC","B11",1,"bc23","root","Fungi","V2",44446,31
"R6T4r1Aroot","CTTGGCCTGT","CTTGGTCATTTAGAGGAAGTAA","TCCTCCGCTTATTGATATGC","A2",2,"bc98","root","Fungi","R6",44819,32
"R6T2r1Broot","ACGACCTACG","CTTGGTCATTTAGAGGAAGTAA","TCCTCCGCTTATTGATATGC","H2",1,"bc86","root","Fungi","R6",49545,33
"V2T4r1Croot","CAGTGATACT","CTTGGTCATTTAGAGGAAGTAA","TCCTCCGCTTATTGATATGC","C3",1,"bc27","root","Fungi","V2",51018,34
"V2T4r6Broot","AGGTATTACC","CTTGGTCATTTAGAGGAAGTAA","TCCTCCGCTTATTGATATGC","C11",1,"bc35","root","Fungi","V2",52658,35
"R3T4r1Croot","ACTATCAGTG","CTTGGTCATTTAGAGGAAGTAA","TCCTCCGCTTATTGATATGC","F3",1,"bc63","root","Fungi","R3",58979,36
"V2T4r6Aroot","TCTTCAACTA","CTTGGTCATTTAGAGGAAGTAA","TCCTCCGCTTATTGATATGC","C10",1,"bc34","root","Fungi","V2",59071,37
"R6T1r2Croot","TAGGTTGCTT","CTTGGTCATTTAGAGGAAGTAA","TCCTCCGCTTATTGATATGC","G6",1,"bc78","root","Fungi","R6",60270,38
"R3T1r1Croot","GTGTACATAA","CTTGGTCATTTAGAGGAAGTAA","TCCTCCGCTTATTGATATGC","D3",1,"bc39","root","Fungi","R3",61086,39
"R6T2r6Aroot","GAGGTATTCT","CTTGGTCATTTAGAGGAAGTAA","TCCTCCGCTTATTGATATGC","H10",1,"bc94","root","Fungi","R6",61127,40
"R6T2r1Croot","GATGTCATAG","CTTGGTCATTTAGAGGAAGTAA","TCCTCCGCTTATTGATATGC","H3",1,"bc87","root","Fungi","R6",65985,41
"R3T2r2Aroot","GCTGAGCCTT","CTTGGTCATTTAGAGGAAGTAA","TCCTCCGCTTATTGATATGC","E4",1,"bc52","root","Fungi","R3",66609,42
"R6T1r6Broot","ATAAGTAACC","CTTGGTCATTTAGAGGAAGTAA","TCCTCCGCTTATTGATATGC","G11",1,"bc83","root","Fungi","R6",66686,43
"R3T4r2Broot","GACCTTTCAA","CTTGGTCATTTAGAGGAAGTAA","TCCTCCGCTTATTGATATGC","F5",1,"bc65","root","Fungi","R3",68416,44
"V2T4r1Aroot","CTCCGCTATA","CTTGGTCATTTAGAGGAAGTAA","TCCTCCGCTTATTGATATGC","C1",1,"bc25","root","Fungi","V2",70143,45
"R3T1r1Broot","GTAACGGCTC","CTTGGTCATTTAGAGGAAGTAA","TCCTCCGCTTATTGATATGC","D2",1,"bc38","root","Fungi","R3",71117,46
"V2T1r6Broot","ATTTGTGGGT","CTTGGTCATTTAGAGGAAGTAA","TCCTCCGCTTATTGATATGC","A11",1,"bc11","root","Fungi","V2",72410,47
"R3T4r6Aroot","CTCCGAACAA","CTTGGTCATTTAGAGGAAGTAA","TCCTCCGCTTATTGATATGC","F10",1,"bc70","root","Fungi","R3",72430,48
"R6T1r1Broot","GGTCATCACG","CTTGGTCATTTAGAGGAAGTAA","TCCTCCGCTTATTGATATGC","G2",1,"bc74","root","Fungi","R6",72628,49
"R3T1r6Broot","ACCTTGACAA","CTTGGTCATTTAGAGGAAGTAA","TCCTCCGCTTATTGATATGC","D11",1,"bc47","root","Fungi","R3",73691,50
"R6T2r5Aroot","TGGTGGAGTT","CTTGGTCATTTAGAGGAAGTAA","TCCTCCGCTTATTGATATGC","H7",1,"bc91","root","Fungi","R6",73717,51
"V2T4r2Aroot","GAGGATACTA","CTTGGTCATTTAGAGGAAGTAA","TCCTCCGCTTATTGATATGC","C4",1,"bc28","root","Fungi","V2",76426,52
"R3T2r2Broot","TTACGAAGTT","CTTGGTCATTTAGAGGAAGTAA","TCCTCCGCTTATTGATATGC","E5",1,"bc53","root","Fungi","R3",78961,53
"V2T4r2Broot","CCAATACGCC","CTTGGTCATTTAGAGGAAGTAA","TCCTCCGCTTATTGATATGC","C5",1,"bc29","root","Fungi","V2",79423,54
"R6T1r2Aroot","TGCGCAAAGG","CTTGGTCATTTAGAGGAAGTAA","TCCTCCGCTTATTGATATGC","G4",1,"bc76","root","Fungi","R6",81704,55
"V2T1r5Broot","TCTAAACCCT","CTTGGTCATTTAGAGGAAGTAA","TCCTCCGCTTATTGATATGC","A8",1,"bc8","root","Fungi","V2",81867,56
"R6T1r5Croot","TGCTCGATGT","CTTGGTCATTTAGAGGAAGTAA","TCCTCCGCTTATTGATATGC","G9",1,"bc81","root","Fungi","R6",82141,57
"R3T2r5Broot","TTAGTACGCA","CTTGGTCATTTAGAGGAAGTAA","TCCTCCGCTTATTGATATGC","E8",1,"bc56","root","Fungi","R3",82356,58
"R6T4r5Croot","TTAAGGACTG","CTTGGTCATTTAGAGGAAGTAA","TCCTCCGCTTATTGATATGC","A10",2,"bc106","root","Fungi","R6",83859,59
"V2T1r6Aroot","AAGCTGCCTA","CTTGGTCATTTAGAGGAAGTAA","TCCTCCGCTTATTGATATGC","A10",1,"bc10","root","Fungi","V2",85085,60
"R3T4r1Broot","GCATAGCATC","CTTGGTCATTTAGAGGAAGTAA","TCCTCCGCTTATTGATATGC","F2",1,"bc62","root","Fungi","R3",85112,61
"R3T1r5Croot","TTCAATAGGG","CTTGGTCATTTAGAGGAAGTAA","TCCTCCGCTTATTGATATGC","D9",1,"bc45","root","Fungi","R3",86014,62
"V2T2r5Croot","AGTCCACTGG","CTTGGTCATTTAGAGGAAGTAA","TCCTCCGCTTATTGATATGC","B9",1,"bc21","root","Fungi","V2",86185,63
"R3T4r2Croot","CAAGCAGGTG","CTTGGTCATTTAGAGGAAGTAA","TCCTCCGCTTATTGATATGC","F6",1,"bc66","root","Fungi","R3",87352,64
"R3T1r6Aroot","CAGTTACCCA","CTTGGTCATTTAGAGGAAGTAA","TCCTCCGCTTATTGATATGC","D10",1,"bc46","root","Fungi","R3",87607,65
"R3T1r2Broot","TAAGATGCAG","CTTGGTCATTTAGAGGAAGTAA","TCCTCCGCTTATTGATATGC","D5",1,"bc41","root","Fungi","R3",92562,66
"V2T4r5Aroot","ACCACTTGCC","CTTGGTCATTTAGAGGAAGTAA","TCCTCCGCTTATTGATATGC","C7",1,"bc31","root","Fungi","V2",93339,67
"R6T1r5Aroot","GACGTGTCCA","CTTGGTCATTTAGAGGAAGTAA","TCCTCCGCTTATTGATATGC","G7",1,"bc79","root","Fungi","R6",93791,68
"R3T4r2Aroot","TTCTTCTACC","CTTGGTCATTTAGAGGAAGTAA","TCCTCCGCTTATTGATATGC","F4",1,"bc64","root","Fungi","R3",96487,69
"V2T4r1Broot","ACTGCTATCG","CTTGGTCATTTAGAGGAAGTAA","TCCTCCGCTTATTGATATGC","C2",1,"bc26","root","Fungi","V2",96953,70
"V2T2r1Croot","GGTTGCCCTG","CTTGGTCATTTAGAGGAAGTAA","TCCTCCGCTTATTGATATGC","B3",1,"bc15","root","Fungi","V2",98890,71
"V2T4r6Croot","TGTCAAAGTG","CTTGGTCATTTAGAGGAAGTAA","TCCTCCGCTTATTGATATGC","C12",1,"bc36","root","Fungi","V2",100699,72
"R6T2r1Aroot","TTCGGCATAG","CTTGGTCATTTAGAGGAAGTAA","TCCTCCGCTTATTGATATGC","H1",1,"bc85","root","Fungi","R6",100757,73
"R3T1r5Aroot","TGACATTCAC","CTTGGTCATTTAGAGGAAGTAA","TCCTCCGCTTATTGATATGC","D7",1,"bc43","root","Fungi","R3",100903,74
"V2T2r2Croot","TCAGATACCA","CTTGGTCATTTAGAGGAAGTAA","TCCTCCGCTTATTGATATGC","B6",1,"bc18","root","Fungi","V2",104930,75
"R6T2r5Broot","TGTTGCGTTT","CTTGGTCATTTAGAGGAAGTAA","TCCTCCGCTTATTGATATGC","H8",1,"bc92","root","Fungi","R6",121290,76
"V2T2r5Aroot","TGCGTTCTAG","CTTGGTCATTTAGAGGAAGTAA","TCCTCCGCTTATTGATATGC","B7",1,"bc19","root","Fungi","V2",123996,77
"R3T1r2Aroot","TGCTGCTCAA","CTTGGTCATTTAGAGGAAGTAA","TCCTCCGCTTATTGATATGC","D4",1,"bc40","root","Fungi","R3",129173,78
"R6T2r5Croot","TCGAAACATG","CTTGGTCATTTAGAGGAAGTAA","TCCTCCGCTTATTGATATGC","H9",1,"bc93","root","Fungi","R6",130480,79
"R3T1r1Aroot","AGCTACTGCG","CTTGGTCATTTAGAGGAAGTAA","TCCTCCGCTTATTGATATGC","D1",1,"bc37","root","Fungi","R3",131706,80
"V2T2r6Croot","GTAAGCCTCG","CTTGGTCATTTAGAGGAAGTAA","TCCTCCGCTTATTGATATGC","B12",1,"bc24","root","Fungi","V2",134343,81
"R3T4r5Broot","GGAGAACGAC","CTTGGTCATTTAGAGGAAGTAA","TCCTCCGCTTATTGATATGC","F8",1,"bc68","root","Fungi","R3",135731,82
"R6T1r5Broot","TTGTATGACA","CTTGGTCATTTAGAGGAAGTAA","TCCTCCGCTTATTGATATGC","G8",1,"bc80","root","Fungi","R6",142014,83
"V2T2r2Aroot","ATCTTGGAGT","CTTGGTCATTTAGAGGAAGTAA","TCCTCCGCTTATTGATATGC","B4",1,"bc16","root","Fungi","V2",143419,84
"V2T1r5Aroot","ATTCGGTAGT","CTTGGTCATTTAGAGGAAGTAA","TCCTCCGCTTATTGATATGC","A7",1,"bc7","root","Fungi","V2",147445,85
"R3T4r5Croot","GGTCCACCTA","CTTGGTCATTTAGAGGAAGTAA","TCCTCCGCTTATTGATATGC","F9",1,"bc69","root","Fungi","R3",149608,86
"R6T1r2Broot","GGCCCAATAT","CTTGGTCATTTAGAGGAAGTAA","TCCTCCGCTTATTGATATGC","G5",1,"bc77","root","Fungi","R6",154972,87
"V2T1r6Croot","TACATGGAGC","CTTGGTCATTTAGAGGAAGTAA","TCCTCCGCTTATTGATATGC","A12",1,"bc12","root","Fungi","V2",155948,88
"R6T2r6Croot","CGGTATAGCA","CTTGGTCATTTAGAGGAAGTAA","TCCTCCGCTTATTGATATGC","A1",2,"bc97","root","Fungi","R6",158884,89
"R6T4r5Broot","TGTAGGTGTG","CTTGGTCATTTAGAGGAAGTAA","TCCTCCGCTTATTGATATGC","A9",2,"bc105","root","Fungi","R6",163623,90
"V2T1r1Broot","TTCTTAACGC","CTTGGTCATTTAGAGGAAGTAA","TCCTCCGCTTATTGATATGC","A2",1,"bc2","root","Fungi","V2",164959,91
"R3T4r6Croot","CATGAGACTG","CTTGGTCATTTAGAGGAAGTAA","TCCTCCGCTTATTGATATGC","F12",1,"bc72","root","Fungi","R3",166190,92
"R3T2r6Broot","GAATCTGACA","CTTGGTCATTTAGAGGAAGTAA","TCCTCCGCTTATTGATATGC","E11",1,"bc59","root","Fungi","R3",183221,93
"R6T2r2Aroot","CTACCACGGT","CTTGGTCATTTAGAGGAAGTAA","TCCTCCGCTTATTGATATGC","H4",1,"bc88","root","Fungi","R6",188764,94
"R3T4r1Aroot","GTTCGAGTGA","CTTGGTCATTTAGAGGAAGTAA","TCCTCCGCTTATTGATATGC","F1",1,"bc61","root","Fungi","R3",198104,95
"R3T4r5Aroot","TCTCTCGATC","CTTGGTCATTTAGAGGAAGTAA","TCCTCCGCTTATTGATATGC","F7",1,"bc67","root","Fungi","R3",201617,96
"R3T2r2Croot","AACAGAGAGA","CTTGGTCATTTAGAGGAAGTAA","TCCTCCGCTTATTGATATGC","E6",1,"bc54","root","Fungi","R3",254178,97
"R3T2r1Croot","TAGGCCATGT","CTTGGTCATTTAGAGGAAGTAA","TCCTCCGCTTATTGATATGC","E3",1,"bc51","root","Fungi","R3",266197,98
"V2T4r5Broot","TATGGGTAGC","CTTGGTCATTTAGAGGAAGTAA","TCCTCCGCTTATTGATATGC","C8",1,"bc32","root","Fungi","V2",304078,99
"R3T1r6Croot","ATAGCCGATG","CTTGGTCATTTAGAGGAAGTAA","TCCTCCGCTTATTGATATGC","D12",1,"bc48","root","Fungi","R3",357727,100
